prediction_id,target,timestamp
1d6051e8-b86b-44e6-a53a-742bec4de18b,0,2025-12-11T12:08:05.896166
0897fb20-e35b-460f-a9db-c754d9cf2986,0,2025-12-11T12:08:06.910374
e593ee2c-2d10-4f38-93d9-d89f792283c7,1,2025-12-11T12:08:07.923385
15d794e8-3ae9-48ef-90ea-2136bb4ee4b3,0,2025-12-11T12:08:08.860585
8e837451-c8ad-448f-b44e-440350ada984,0,2025-12-11T12:25:26.471225
cc4a9e2c-0abb-4646-aa97-cf149106e967,0,2025-12-11T12:25:27.488895
0f61c37a-93ed-410c-a8f0-31448d3d5012,1,2025-12-11T12:25:28.514858
ef69d3ae-9239-4db1-bf8f-8b4a93c5bae4,0,2025-12-11T12:25:29.542087
a1b2c3d4-e5f6-7890-1234-567890abcdef,0,2025-12-11T12:33:41.111977
b364c23a-5b2d-44c6-9b65-975c71a5b44f,0,2025-12-11T12:52:04.313070
c822a1d5-1fe9-4b00-b31a-a63373b4fa8f,0,2025-12-11T12:52:05.325627
0d89beaa-48b3-4e41-9343-aa70676e66be,1,2025-12-11T12:52:06.335115
9d62e58f-8376-446a-976f-a2f0be2b7c67,0,2025-12-11T12:52:07.343758
